doctor_id,first_name,last_name,specialty,contact_number,email,department_id
7e6762d7-0bb5-466b-8ecf-12549804ade8,William,Torres,Oncology,001-867-828-0564x5000,fisherkathryn@example.net,11
15b06256-fa97-42e5-8282-b0b7cad099df,Andrew,Grant,Surgery,436-715-0461x40529,pbrown@example.net,14
113c1490-b61b-4a55-bd13-80f65bf1bca0,Darren,Patton,Neurology,(600)981-8698x511,bianca75@example.org,18
34bd9923-83b5-48b3-b03c-e08beae05735,Allison,Carey,Surgery,001-381-528-0533x06052,melissa95@example.org,1
a20076ae-6f25-4b32-abd7-81abaff3b37a,Stacy,Banks,Radiology,001-830-902-9459x6100,ldiaz@example.org,6
d9bb48d6-2fcf-4ff1-a006-b332896ebe47,Scott,Cohen,Cardiology,001-471-504-5221x600,asanchez@example.org,13
7016da2d-4399-49e3-b569-f938e3d03a47,Lisa,Scott,Pediatrics,(921)882-8829,iowens@example.org,17
b8f8948e-b88f-4e74-af40-2bbe66678443,Benjamin,Wiggins,Pediatrics,8502222999,usingh@example.net,3
cdc8e842-c261-4183-be76-421e1b151a69,Kyle,Johnson,Cardiology,8339133556,reynoldsleon@example.net,8
203f0a37-3af7-4779-b631-06af74ddc620,Nicole,Rice,Neurology,001-764-623-3930x617,wardkathleen@example.org,15
46a260ff-8bbc-43b0-a8e0-2405979cedff,Brandon,Stevens,Surgery,(748)263-7317x06516,estradalauren@example.net,12
c8a157fb-eb53-47ef-8424-f8c0ce9fd702,Rebecca,Wilcox,Surgery,(458)864-8244x1863,sonia16@example.org,2
65ca1dd6-1884-4ac6-9e55-75fbb6c89d9f,Justin,Dunn,Oncology,651-477-8713x857,markcummings@example.org,7
6771db55-1cc0-46f2-9b81-de193a0038c6,Angela,Lee,Cardiology,001-748-651-7251x311,laurenmullins@example.com,19
a66be6d0-9ea2-4e1c-954b-674394305c60,Melanie,Martin,Cardiology,645-916-7271x36553,seanmoran@example.com,6
8fe52d05-bf11-4dc2-af82-d02c7919035d,Elijah,Barnes,Cardiology,+1-999-616-3929x0458,jonathanchandler@example.com,8
4a569412-3613-43c6-9cd1-52f2c8dde159,Noah,Hamilton,Oncology,537.863.6216,juliehernandez@example.com,2
a70f84a2-31a2-4a2b-ba45-ca754a63cfc6,Nancy,Andersen,General Medicine,560-244-5855,emilyhanson@example.org,2
9b5b06b8-9967-471f-8e6c-383eca2e1ae9,Patricia,Garcia,Surgery,431-950-0205x5508,eburch@example.org,19
94bb8f0a-e979-440d-a1e5-e2f006b76dc6,Carol,Carpenter,General Medicine,311.778.3030x219,ajordan@example.com,20
033cd8ec-5cdb-47e8-b573-ec8643d03815,Nicholas,White,Surgery,+1-844-545-7060x698,dmiller@example.net,5
8b06d06c-9c16-476f-8d08-1c63215d982e,Aaron,Randall,Surgery,864.522.4685x08660,vlane@example.net,6
65e22917-2e9a-4a38-a16c-08f842dd4259,Patrick,Roberts,Surgery,280-675-2643x518,johnathan33@example.org,7
13d8ed74-bb22-4c2d-92dc-c64fdab8dc56,Patrick,Glover,Oncology,271-281-0623x9292,aclark@example.org,13
1af1df18-66cb-47e8-9c48-7163cc527486,Rhonda,Allen,Pediatrics,(559)709-0041x75888,amandataylor@example.org,4
3cfe37d2-626a-4342-b7f9-3f4b55352b5c,Holly,Frazier,Cardiology,001-818-309-7115,aaron59@example.com,12
9d1d56cc-e21a-47a0-8d0c-e2359946e5a5,Taylor,Fuller,Surgery,001-584-858-7899x49626,alan23@example.net,2
0eea0df7-2cfa-430c-bf5d-cdddfafd0642,Jason,Glass,Oncology,801-397-2077x40517,ariley@example.org,1
745a7664-7866-4c73-be39-c6f6a73ca92e,Dean,Mullins,Surgery,449.846.1971x2856,michael98@example.net,19
d2ac2b98-ffc9-4cbe-984d-b33220d5eeac,Jessica,Bush,Neurology,(828)699-4611x80076,hardingjames@example.com,15
757e0ba0-6e14-4026-b5b0-12a661d4bc75,Jeffrey,Garcia,Radiology,565.816.3905x945,ruizsamantha@example.org,5
bbb6c9c9-bc7f-4629-b517-164f3aefd2d1,David,Hinton,Cardiology,001-259-357-3059x5963,elutz@example.org,7
7db95496-20df-45e7-831e-fd41e83dd8ab,Richard,Thompson,Cardiology,(335)983-1579x4191,robertmay@example.org,20
2071186e-3326-4621-ae63-d9d6d2ea486f,Tina,Solis,Pediatrics,+1-755-299-2161x133,jason44@example.net,6
5361e06e-07e0-4293-8d95-c58a228d30c1,Lonnie,Cox,Cardiology,4224713270,ggomez@example.org,18
1c955f0d-b525-4f06-a2bd-a07ce1640b1f,Amber,Smith,Neurology,454.276.2337,madelinesnyder@example.net,18
a86cf78c-e3c6-446b-9cad-986e4f412658,Jasmine,Mcdonald,Oncology,(253)827-9001,mooredeanna@example.org,7
674964dd-e155-4410-be15-911d253a9aad,Julia,Hoffman,General Medicine,928.550.4032x594,adamsthomas@example.com,13
04e46cae-dc9e-42b7-9216-636606a1c007,Cynthia,Harrison,Oncology,(200)984-5271x6647,qlee@example.net,6
8c8a565a-8b4c-4048-b721-79e350ead762,David,Hubbard,Cardiology,+1-666-431-4937x863,choialex@example.com,11
bf773702-5431-4d7f-9933-e6ce2b92d904,Mario,Turner,Surgery,946-873-2536x98995,alan26@example.org,6
abf0aac1-02b2-48c2-aeb1-7daca7e5e14c,Stephen,Williams,Radiology,381.447.9768,john63@example.net,15
897d968f-e85a-4223-aedd-0bf9f36f81ec,Paula,Hampton,Cardiology,(273)423-5235x0048,leslie27@example.net,14
bd1aa7e2-19da-4093-834d-326786bd8ea2,Marcus,Barnett,Radiology,001-631-822-8583x33918,stephaniechristian@example.com,17
57ea1039-ee05-4b47-9ce9-57cef457affd,Wesley,Rogers,Oncology,983-951-6050,mckinneyalejandro@example.org,18
9c30fcb1-f013-4d0b-b5b5-701bef500177,Joseph,Fitzgerald,Surgery,+1-531-954-0104,anthonycox@example.net,7
f215509d-89bc-423c-960d-2ae7fe0acb4b,Belinda,Rodriguez,Surgery,(933)678-7384x2634,dshaw@example.net,1
9e8cca54-4191-4ea0-a46e-f466a274bd6b,Sharon,Burns,General Medicine,625-495-8606,jamie97@example.com,14
f2319491-8ff0-4921-aca3-8fb43adf1037,Amanda,Gomez,Oncology,337.540.2539x9321,ramostracy@example.org,12
1b1ace93-bb81-48e7-9ebf-2b00316952dc,Steven,Mason,Surgery,+1-474-881-1711,sarah14@example.com,11
a815df1b-303f-4b6f-a86b-4c22c0c6313a,Jeffrey,Hamilton,General Medicine,524-904-9128,mariawood@example.com,17
2cec39cd-bc2e-46de-97e1-ffdddc3687c0,Emma,Cook,Radiology,+1-305-541-3162x4873,odominguez@example.net,1
771a09b2-ba6a-48db-a71b-b4f3fa6bb9fb,Sarah,Cunningham,General Medicine,(583)638-8380x608,xallen@example.com,19
de3f6bb0-ac3f-461a-a839-055cef287182,Jose,Barnes,Cardiology,(610)744-4143,charles66@example.com,20
03a7f558-19a0-4e65-a0d4-f87cfa4f3155,Nicholas,Ruiz,General Medicine,576.619.4619x60330,justinsmith@example.org,15
e810cead-c021-4389-a420-a3867f66d22f,Edwin,Cervantes,Pediatrics,001-906-475-0311x52898,dmendoza@example.org,6
4ca28577-3417-4f2c-9bb3-73bcf71c569b,Shane,Blair,Oncology,4469479584,linda64@example.com,15
366fa39f-c8e4-471d-9fba-8eac73f26dab,Andrew,Rojas,Pediatrics,+1-848-639-1315x110,john05@example.org,7
eb08cd89-7a1c-448a-864f-10d302594916,Rhonda,Hutchinson,Radiology,415.731.7076x9754,lindakline@example.com,8
81a37413-61cb-4176-a100-ea74cf846fb7,Darius,Holt,Cardiology,387.405.8595,murraybrittany@example.org,2
be084357-0b8a-47db-9f69-89553b24565b,Robert,Green,Cardiology,+1-853-888-2518x48370,roberta38@example.net,6
e6ef4773-678f-4c9b-b2bb-0625a3f23bdf,Joseph,Cline,General Medicine,+1-451-660-2013x88134,lisaparker@example.org,12
2c9547db-b6fa-4b78-972f-a8094a52e27c,Joel,Robinson,Neurology,383-975-0317,donald12@example.net,14
98f75c03-7093-4ddd-8598-9c3f0b1603b4,Melissa,Peters,Radiology,+1-213-567-4459x049,moorelindsey@example.com,13
bd078495-5c10-4bfe-84f3-59469abf9bd4,Mark,Lopez,General Medicine,(277)711-0523x9171,danielerickson@example.org,5
b0f865a8-999a-4e31-8a95-24e191eba853,Shawn,Rowland,Pediatrics,983-295-5402x560,kim81@example.org,20
beb21db3-20ba-479d-9d14-9e15bdf19af4,Nicole,Jones,Pediatrics,(941)721-7821,michaelrodriguez@example.org,14
1c40398b-2374-44cb-88c1-fc4242e75eb2,Diane,Herrera,Pediatrics,250.244.4679x623,jking@example.com,15
b4f408c6-feda-4c43-b8d9-9d920d008b0e,Dustin,Hernandez,Cardiology,470-874-6227,ruben80@example.com,13
9c011c01-27a7-4ba2-9e1c-d78ed15e0c84,Michael,Hinton,Surgery,(953)294-5358,ahoward@example.org,12
539bd382-11fc-450e-97b3-3e87a6cc9913,Javier,Jimenez,Radiology,676.326.5680x02542,jasonjoseph@example.com,10
97a984e5-e256-4fd2-b5a5-3995267df092,Laura,Rodriguez,Pediatrics,858-938-0154x91613,heatherkerr@example.org,3
54a10682-19ab-40c8-b8ca-27e371de7679,Jeffrey,Brown,Cardiology,+1-734-813-7885x21793,scottvickie@example.com,1
ccab6eda-9781-4b88-8f1a-e9465689d770,Jennifer,Davidson,Neurology,504-442-8227x666,crossbrenda@example.org,1
7e607bc0-1f6d-40e2-b0d6-bf5ce1af3200,Nathan,Jones,Cardiology,736-740-7952x935,maybrittany@example.com,14
44ee2b1e-2dbb-4ac6-897b-b559df17b969,Julie,Foster,Cardiology,708.413.0978x9288,yhernandez@example.com,4
c8725561-713c-4f86-94a6-89e894ec39f5,Christopher,Mack,Surgery,(201)507-6367,brooksmatthew@example.net,17
4584728f-654e-4c60-b33b-78e05dbdf673,Mary,Pope,Surgery,(892)967-4178x9473,gilbertarthur@example.org,1
ed758c23-ebb8-4d03-b9b4-2b5468a02fd5,Ashlee,Anderson,Pediatrics,001-656-530-7662x7997,ryan97@example.net,12
15272d4b-880c-4c6a-8f65-cece985da826,Heidi,Ford,Neurology,001-475-771-3167x11500,qturner@example.net,17
34723066-fff2-4586-a6c8-5e72f7c99b03,Sandra,Palmer,Neurology,001-268-885-9741,dominichenderson@example.net,9
3dd825c0-0fc8-44fc-9fbc-23aca2fae425,Heather,Finley,Radiology,(663)771-6147x77875,stephanie41@example.org,3
729c89cd-6246-4763-bbff-ea9993e47dfd,Deborah,Rivera,Oncology,001-213-736-5900,markhardy@example.org,13
94e65374-a74a-416e-86e9-7c03ce98981b,Christopher,Mcclure,General Medicine,6903369870,laura26@example.com,7
18a364ae-593b-45ca-9710-e3b78f7ac0b9,Krista,Mendoza,Surgery,+1-661-685-8107x43943,amandacervantes@example.com,18
5e0d72cf-76ca-4308-8749-e9b0d46df0cd,Jacqueline,Cruz,Oncology,001-893-639-2278x823,tdawson@example.org,7
7979980c-8ab4-4749-bc6a-55aad22d8594,Thomas,Zavala,General Medicine,(605)675-0372x4827,charles78@example.net,7
eb2d8215-9e17-4039-95a4-c31e307bc553,Beth,Adams,Surgery,(933)542-0313x8291,dana52@example.com,3
670556c3-3b96-4c96-8e60-36ef5d6a3811,Angela,Robles,Cardiology,629.339.1138x3569,jenniferpatel@example.net,4
43e3a65e-2ccd-45ac-b4b8-a0e9b22e0cdb,Joseph,Lee,Pediatrics,309.407.4904x30933,joshuasmith@example.com,9
f454586e-31f5-4e67-aea3-1d46dc55575a,Benjamin,Burgess,Pediatrics,867-592-2944x8153,nguyenjorge@example.org,7
37707140-3c7a-44c4-ac53-add90200663c,Robert,Henry,Neurology,(471)455-7912x136,scott15@example.org,14
18200189-4cab-4631-8cda-227845bb1969,Sarah,Espinoza,General Medicine,(524)309-3940x59054,blankenshipsean@example.net,10
ef60c4c0-a3de-4be0-bf13-822e3b0ebd65,Michael,Blackburn,Cardiology,335.701.1747,nicole94@example.org,18
075de7b8-566a-4abf-bc2c-ee74882c94b5,Christy,Smith,Radiology,486-945-2436,melliott@example.net,13
37bd12fd-78e5-4e19-b227-9b53efb2da12,Ricky,Brennan,Surgery,800-589-6785,richardclark@example.com,12
b95284d4-ad22-46de-82bb-b5687051ed47,Jessica,Miller,Pediatrics,(252)278-4499,pattonrhonda@example.net,11
5d99a6c2-b879-4ce0-abd4-f4bbced67a0c,Bradley,Gentry,Cardiology,(864)395-6519x7382,jill25@example.com,7
50da79d1-ae82-47c9-b757-6d021219f1ee,Samuel,Gonzalez,Pediatrics,521-993-2733,scottdavis@example.net,16
7cc75fe3-9668-404e-8f06-007526f867e5,James,Alvarado,Cardiology,001-296-801-7842,holly45@example.org,5
80722bff-bf7c-4d14-b943-19a1c843f6e2,Tammy,Carter,Oncology,8056424620,stephanieglenn@example.org,11
142ccc13-7035-475a-aa93-a6d15c0de926,Alan,Freeman,Radiology,001-222-558-0345x5333,mcline@example.org,17
270a90fd-820f-45e3-8ca5-352d2f769de6,Isabella,Valentine,Cardiology,5106341163,gonzalezlouis@example.org,16
da7f8efc-a942-4c99-871f-7259c6655637,Julie,Garza,Surgery,(524)415-1360x802,ymoore@example.net,17
6bf25eed-af00-4770-b4dd-4cef7f546eca,Colton,Jackson,Pediatrics,562.331.8540,paul14@example.net,18
7c065fbf-82ba-4127-b3db-349815ac3a4b,Sara,Vega,Pediatrics,(524)772-0715x8566,wbishop@example.org,10
1629bd5c-cd9d-4370-ab86-7cb4e92370bf,Stephen,Thompson,Radiology,(736)537-9296x88907,lgreene@example.net,7
24ff73a1-f268-4508-b117-8f1fdce648cc,Jonathon,Everett,Oncology,(551)787-6751,gmurphy@example.net,3
71d9f3de-c139-4991-a344-6efc62a46446,Paul,Henson,Cardiology,335-973-0893x870,jamieholmes@example.net,20
6219364f-ed43-4078-bf08-cd8d4f8e1863,Teresa,Davis,Oncology,4268814676,dwilliamson@example.net,9
51db589b-3745-435b-855a-d1a6859f7554,Daniel,Mckee,Cardiology,217-468-4332x09372,xmejia@example.org,11
815760c2-4315-488c-813b-ecf0447169a9,Michael,Bolton,Neurology,625.707.1572,jessicadaniels@example.org,3
a08d202d-5b02-41cb-a080-e075793f9adc,Beth,Pierce,General Medicine,(888)256-4247x8684,dana28@example.net,19
eba03736-28f4-491a-81d1-7f58bed515ef,Bob,Alvarez,Surgery,(238)408-1030,jenkinsapril@example.net,10
cc990c7c-5da2-423d-956b-d58e7d0912f5,Robin,Hunter,Cardiology,272.301.3168x054,matthew68@example.org,3
fe5c6b9c-b5dd-4dd4-93d6-e45aaf74910d,Michael,Hoover,Cardiology,669-955-1103x805,nathanbooth@example.org,20
70943537-d902-4a3b-8658-f64f34445d52,Olivia,Wilson,Pediatrics,+1-722-363-6221,sanchezjennifer@example.net,8
b6981384-b226-48f2-a58f-8bdb7dd62d32,Sandra,Zimmerman,General Medicine,+1-749-279-4503x002,lindahanson@example.org,11
c441cc50-0b48-43b6-9d9b-12e88703aeb6,Lucas,Smith,General Medicine,628.482.9299x537,stewartamanda@example.org,15
e402992e-5759-4384-9542-bc9b98a21fdf,Sherri,Nixon,Radiology,001-669-507-0401x901,eperkins@example.com,14
45b31d08-7b8c-4738-9628-780a4ed186a4,Thomas,White,Cardiology,(338)312-0623x7090,anitajohnson@example.org,10
771bdb73-5959-4d8d-b1aa-96a45dcf7bc6,Brandon,Guerra,Pediatrics,782.554.1656x376,daniellewebster@example.org,12
8653fa2c-494a-4c3b-a2ce-a2791c986a81,Jessica,Ryan,Neurology,922-365-7327x771,tyler38@example.com,20
c816cfa5-d6d0-4f20-83ff-822771eae27c,Melissa,Jones,Neurology,+1-275-345-1621x204,nielsenkatie@example.net,17
23019244-237a-4f18-bf59-cb6a182e7666,Theresa,Peterson,Pediatrics,+1-514-511-6688,miranda71@example.org,19
6cd58462-f7ba-4356-ac8e-bbb4a6db5adc,Bethany,Fuentes,General Medicine,(536)823-7857x95095,rebeccagallagher@example.com,12
09504b5d-f0bf-49f2-b96b-eba8fc154a1e,Sara,Martinez,Surgery,5138824947,pmcguire@example.org,13
9ca8aade-5136-4296-a069-f55fc038e948,Richard,Lopez,Surgery,001-984-526-5807x2162,beasleydebra@example.com,7
14804e85-47a7-4d43-82ad-508076139522,Stephanie,Hensley,Radiology,001-351-639-5761x7355,sarah80@example.org,18
21ecad82-da86-4967-abe2-a7bdc9e2a0b5,Randall,Parker,Pediatrics,700.710.0285x89450,idavis@example.net,3
7ba85ec4-f81a-4ad0-8eeb-65ff1abae8b7,Rebecca,Evans,Cardiology,482.294.7454x55938,obrown@example.org,12
ee6ac8ba-e8ff-4f86-b5ae-4ea750ee6d89,Lee,Hanna,Surgery,219-457-9788x05011,xharmon@example.org,10
f27aa0b6-13a4-46da-9932-9056c8917d3d,David,Stephens,Neurology,294.698.9880,biancamorris@example.com,20
db4ca694-5179-4527-994e-78f80b79d29c,Ashley,Stokes,Oncology,001-593-318-9188x7455,stephentucker@example.org,9
a2df9981-a3c0-42b3-895b-0dd6135ae1d9,Darius,Chapman,Neurology,(397)725-3302,kroberts@example.com,2
5361d27f-086d-46d4-b034-eba7db1587c4,Tom,Warren,Radiology,(735)761-3668x66953,porterjohn@example.net,1
284b1ffb-42ac-4c68-a19d-78a61eb99e55,Debra,Fuller,General Medicine,+1-451-443-1000x75268,oarnold@example.com,8
3ba820c2-c60b-4fef-af57-b979570fc177,Amy,Webb,Oncology,001-697-776-9719x760,lynchzachary@example.net,20
887721bd-a8b5-4f62-bd51-9a39e8bbe829,Heather,Williams,General Medicine,+1-885-242-4242x1059,jamesmason@example.org,8
4bd0489a-af62-446b-953b-0a327ed31279,Steven,Morton,General Medicine,001-604-476-7851x0706,michael38@example.net,1
616f4d54-0922-4f04-8cf7-4af6463124d5,Caroline,Hopkins,Neurology,593-574-7374x3669,uwilliams@example.com,13
eb5db847-62ad-4ef9-955c-2fdcd5c7a898,Joseph,Lopez,Oncology,+1-783-494-4527x8582,ryanedwards@example.com,17
b81d45e8-1093-4994-87bd-66d5db6dd15f,Ashley,Morgan,Pediatrics,001-362-642-4168x60440,rodriguezjoy@example.net,10
a3fa3637-0b7f-4d61-9ab6-954f82ef3331,David,Osborne,Cardiology,(977)359-6010,tylersmith@example.net,2
fff08184-47ac-4d9b-ab1c-afef91721b18,Linda,Sullivan,Neurology,001-300-825-0860x889,timothylindsey@example.org,17
13a14ac2-52b3-4800-bc63-8368d10d9c86,Eric,Perez,Oncology,862-873-9953x87701,tlewis@example.com,6
ae042c63-237a-418e-9a94-d8ca4cc0447d,Michael,Hunter,Cardiology,329.722.9331,nicolemartin@example.net,11
55ef46ef-dfb9-445d-80b2-5b9231ebbc1c,Madison,Martinez,Pediatrics,508.580.7785x182,juarezroberta@example.net,11
25fbccbe-08b8-4cf5-a245-4c018614c062,Daniel,Coleman,Cardiology,(846)375-1558x056,prandolph@example.net,7
391ba900-3808-4ede-8f84-179de5fae59c,Patrick,Morris,Neurology,657.525.9333,idavis@example.com,8
c166cca0-dabb-4726-9f1a-eceb7bfa88bd,Anna,Brown,Oncology,464-333-5912x754,heather06@example.com,7
8dd717b1-4ea5-43ce-851f-8e29eed35e42,Lori,Fisher,Cardiology,3088081566,youngsusan@example.org,17
06b97b63-a8e6-45d7-baa9-d046e0ee65d6,Stanley,Howard,Neurology,(560)422-0152,elizabethpark@example.com,5
938da007-3c00-4667-999e-6709eaf1be3d,Gary,Andrews,Oncology,+1-898-889-0692x271,deborahmarshall@example.net,10
89d0ead8-8300-4b2a-b29e-84bf0769a42d,Carla,Waters,Neurology,001-869-281-1277x3188,fhatfield@example.net,9
c3bd0a62-4141-4e00-8311-d11d0e806fbf,Jade,Adkins,Neurology,314-707-0664x2690,victorcox@example.com,11
08c96a04-1d1b-4c7b-8aba-412d6ad77453,Amber,Rodriguez,Cardiology,001-580-951-3220x8005,jessica08@example.org,13
24dc11c7-e503-40b5-a899-e3a06b37ad41,Heather,Holland,Surgery,7644477368,jamesroy@example.org,13
9cece443-9a82-4ea9-b464-64ce4a524754,Mary,Hudson,Surgery,001-307-713-0711x687,lindseyreed@example.net,1
05e084cc-4003-44eb-815e-6a23c7279976,Kim,Jones,Oncology,(474)921-1514,michael64@example.com,11
1cfc2876-cfdd-4ed7-bdd3-703d01c41e2d,Holly,Reed,Surgery,204.782.5015x3630,hickskimberly@example.net,19
9a00bffc-a55b-45b4-b3e2-a6d46d7b7c35,Evan,Gonzalez,General Medicine,614-871-7381x9902,johnluna@example.com,19
9fe41d79-a24b-4a0a-8ee9-98cc41c1ba88,Melissa,Taylor,Oncology,369.942.3777,huntmichael@example.com,13
55052b9e-b9c3-4503-88d9-37a68f0a62f7,Brenda,Gill,Neurology,+1-527-397-3052x222,okane@example.com,5
631190b5-b99e-4064-aba1-ca67967949b2,Kathryn,Sexton,Cardiology,210.550.1073x67877,lspencer@example.org,2
4995cd3c-8bb7-466a-953c-fb394a04a03d,Laura,Moody,Pediatrics,001-850-773-1443x126,wweiss@example.org,4
d128380a-8729-446d-8189-b6599e06dc1b,Alicia,Smith,Cardiology,001-566-922-1610x783,castillochristy@example.com,5
dd3084c2-ab52-44f4-af2b-e305e5873a69,Robert,Luna,Neurology,872-918-6781,adriennefoster@example.org,4
0b959ad5-6db2-40b7-94a6-f9ce83fe0b6d,Amanda,Ramirez,General Medicine,+1-703-657-4617,davidjuarez@example.net,9
8fc14fbe-81b6-4b81-8374-bf462fd8e761,Rebecca,Gonzalez,Surgery,777.615.8920,ashley21@example.org,18
bfd10161-f621-4e6b-9920-a65364cec02b,Leslie,Oconnor,Radiology,(313)209-2500x193,ywilliams@example.com,2
c781c2ff-61b2-437e-9209-da59bb901e67,Christopher,Coleman,Pediatrics,001-266-342-8377,njones@example.com,13
8f6f3f80-48f5-423a-909e-db4eb867d8a2,Tiffany,Wang,Surgery,433-443-8805,lambertalicia@example.net,18
dfd48874-6251-4e6d-b1a6-34192f7a5a40,Audrey,Willis,Radiology,(402)560-1309,kellerdavid@example.com,9
9c0e22b9-181d-48f7-8936-c23eb73948a9,Mark,Pham,Radiology,418.627.2934x4597,fmiles@example.org,7
e247dacd-ca73-4e0f-ae07-d6036687622e,Anthony,Vega,General Medicine,001-682-229-2874,jeffrey35@example.net,11
29c2b2b7-b628-4815-82ca-5dc29987a1a9,Joshua,Simmons,Surgery,520-620-3312x7256,michaelsmith@example.org,11
28b2b053-7463-4baa-b8d4-b5e2bcdd25ca,Jennifer,Sims,Radiology,232-804-9342x394,blevinsamy@example.net,1
2e4d5641-4f12-4e4a-bfe8-3acbee002230,Jason,Black,General Medicine,282.658.9558x7643,sandraacosta@example.com,5
d0eed72b-230b-4165-801d-81d2d7ee052e,Michael,Lara,General Medicine,9268358981,brownerik@example.com,8
42944e7a-c72d-4b91-9dae-fb3a11ce8f72,Lauren,Evans,General Medicine,(419)626-1936,pschroeder@example.net,17
0319494f-4108-493e-a739-9c70f05d9124,Jenna,Hughes,Neurology,792.573.9872,mthompson@example.net,5
923fcdc6-8994-4319-ac43-1c9f9dde35b8,Jeremy,Reed,Neurology,(916)499-0941x7127,harrellhayley@example.com,4
c24a15cb-75aa-4246-ac3b-8f90726583f8,Rebecca,Robinson,Oncology,(745)615-8167,evan57@example.net,3
c9d1c867-4a41-46fe-b1da-dfcdfba22c6f,Jerry,Barber,General Medicine,+1-706-254-4966x38132,aaron92@example.org,14
2e77d579-513f-48d5-9b28-321f829f236c,Wesley,Douglas,Oncology,952.272.3510,shane00@example.net,5
f4a470ec-0279-41f5-8974-71f398ac8fcd,Melissa,Edwards,General Medicine,824.725.4601x793,wheelerkenneth@example.org,14
fdf1c7f3-3252-4e0e-810f-29a8ab895bba,Tyler,Raymond,Radiology,560.647.7477x209,wgriffin@example.org,14
9a5b24e4-37ae-4b4a-93c1-13229317e2e0,Nicole,Ramirez,Neurology,+1-424-643-5525,joshuabrown@example.com,17
46353761-34e1-4902-8dd9-a811278ad6f4,Lauren,Coleman,Neurology,(992)298-6934x6868,zharris@example.net,5
662adf87-91a2-4f12-8669-e18c76694881,Jordan,Miller,Pediatrics,695.798.5995x69651,loriramirez@example.org,10
d655e578-a933-4e00-b463-46c3839e8dd9,Amber,Rangel,Neurology,(886)662-7065,grahamclaudia@example.com,5
5d002008-cf42-435d-acd1-097328142e1c,Elizabeth,Cruz,General Medicine,481.863.3309,smiller@example.org,9
d9aeeda0-937a-4e70-ac92-22a248545c5f,Eric,Sanchez,Cardiology,001-672-565-7151x911,garciabilly@example.com,16
99466c01-839e-4144-b212-b5a3f4c3fb3c,Tiffany,Fox,Pediatrics,001-401-201-7973x3671,portersabrina@example.com,6
1f6189dd-1780-4cbf-be2e-4a8554f70c18,James,Banks,Pediatrics,838-820-6373x2627,mcdonaldpatricia@example.org,15
431ac952-cf1c-4bf7-b36b-a854f6647150,Cassidy,Reed,Oncology,890.576.0576x657,davisrichard@example.com,4
03ad3814-8005-4bc2-b5e4-aba9df3b3f17,Brittany,Ballard,General Medicine,+1-410-298-6857x7774,floreswilliam@example.com,19
5ef4da1d-91a8-42ae-9125-6f45b7e3883f,Spencer,Snyder,Radiology,3039251408,james41@example.net,8
963d73d9-942d-4dbf-9cd3-994887ea89c6,Joshua,James,Oncology,319-457-1156x30423,hmccarthy@example.org,13
4cb760c6-e21f-4a13-aacf-cd06c07a6490,Edward,Wolfe,Pediatrics,(333)371-2845x230,jodinolan@example.net,8
b7bd9d9d-5187-45b8-80c3-1238d3be4b75,Adam,Rodriguez,Cardiology,(385)540-1678,cynthia36@example.org,6
50093f39-80d8-4b37-9018-d4ed2aed1949,Sandra,Rodriguez,Radiology,769.861.0937,clintondavis@example.com,5
bb23b1fc-6085-4ee8-8cc9-1bb0521fae05,Juan,Brown,Neurology,+1-972-765-0955x9991,david83@example.net,13
d7fd47c8-f190-49a9-bf5e-d3807f70e1bc,Richard,Ramirez,Radiology,549.454.2799,penny49@example.org,14
c195087f-6891-4d36-b412-4ca5ee6d37e2,Jack,Delgado,General Medicine,+1-469-304-7137x46069,katelynbridges@example.org,18
876b4a67-1ffd-47b0-afa4-fc93d92ec1f1,Emily,Payne,Surgery,825.832.1219,mariahcurry@example.com,14
a556e79a-2684-455f-a53c-79ff05d8dc42,Jose,Cochran,Cardiology,(214)944-2447x36911,chelsea81@example.net,13
ef8beaa1-eb3c-42d6-95e4-a3cb56f29d2d,David,Brown,General Medicine,(950)502-6409x46432,kylie25@example.net,14
0bd6a6e0-7b84-46ad-b738-c4ab3d4fdccb,Joseph,Cordova,Oncology,480.452.3895x4873,ncuevas@example.org,20
79583791-4d33-496d-920f-97b6b23976de,Dawn,Porter,Neurology,999.261.9213x46035,alanwilkinson@example.net,15
3285b765-d1fb-440b-bf1d-8af7db10e817,Thomas,Cochran,Oncology,(808)815-0823x035,vbowen@example.net,15
6a449f13-5e06-425e-b3dd-5df4c6d89634,Jeanne,Morris,Cardiology,+1-478-375-6244,ole@example.net,7
83c180d5-dc2f-4161-977a-8af3992da225,Barbara,Hanson,Cardiology,(903)437-9589x33089,martinanthony@example.org,19
21b150c0-77f3-406a-9c7f-7a3748591314,Renee,Oconnell,Radiology,(707)278-7597x4350,audreycamacho@example.com,16
179a356b-233f-4879-8b79-5dc5c01a3dea,Michael,Griffin,General Medicine,(676)545-5442x879,tracyward@example.org,11
85afa718-baba-4815-8769-2dc6d6d9b8a3,Rebecca,Smith,Neurology,(298)222-1572x75441,heatherhansen@example.org,4
8b9f4e03-a947-431d-87ed-e919fb041013,Ashley,Johnson,Surgery,488.999.5652x8573,uprice@example.org,15
b3e07288-8b1d-48d9-82f3-7035ba98b00f,Kevin,Gross,Neurology,8745645719,roy31@example.com,11
6876f6fd-b826-4700-88fd-892cd039189d,Sheri,Castro,Radiology,6846800982,zhughes@example.org,5
703241e5-8610-40e7-9977-155823e2fe72,Kathleen,Kelly,Radiology,001-363-564-6953,wigginsjennifer@example.net,20
05f63354-dc49-4467-9bec-c572bdb17eb7,John,Parker,Neurology,(271)837-5125x3673,ana85@example.com,2
408390ed-3e2d-40ed-aaff-4e3f88592c73,Joyce,Velasquez,Radiology,(264)208-7036x951,nicolegonzalez@example.com,3
f9bfda5e-38ca-4721-a80b-59d6f93713e8,Joseph,Smith,Pediatrics,404-359-7269x4586,luis01@example.com,17
20025cb3-5060-4497-a437-36b07721a992,Melissa,Pennington,Radiology,537.548.0318x2315,cfuentes@example.net,10
cd076be4-8861-44f0-90e5-4ac56e48a603,Richard,Donovan,Oncology,(695)911-7858x52650,andrewward@example.org,18
b6448691-054e-4c19-b813-eb7d3c101497,Crystal,Lopez,Cardiology,+1-473-310-4489x2596,robert09@example.org,2
15f811d7-c819-4596-bfc3-14e56c7ab5bd,Samantha,Bryant,Radiology,+1-540-599-0389x684,dana96@example.org,8
8a410e29-5a09-4059-88fc-70b71777014d,Jason,Delgado,Neurology,+1-278-998-9315,lrobertson@example.org,2
7637b41d-54f7-4c7f-889b-4f4be64c8330,Joshua,Moore,Pediatrics,497-803-9122,kennethfigueroa@example.com,6
4496931e-476d-4b46-ace9-58a9b21b8653,Valerie,Lee,Pediatrics,+1-213-995-5042x143,burkeheather@example.net,19
676d20b8-d75b-429b-aadb-927b30b846fa,Calvin,Hill,General Medicine,+1-820-317-0544,gloriacantrell@example.org,5
7474532b-cca2-4e5e-8e66-7bf571315c84,Nancy,Bell,Neurology,835-202-4664x58453,bakertiffany@example.org,17
f57a0694-4cd8-4cd2-8bfe-ae9cd2e2d7e2,Megan,Dougherty,Oncology,333-236-1849x8830,austinnicole@example.com,9
0a3e7f9a-2ad7-4563-ae53-14d3681f4c25,Michael,Arnold,Cardiology,001-963-459-3744x5292,elizabethtrujillo@example.org,15
1382c547-2990-4764-af1b-b5442465b4a0,Steven,Ho,Radiology,(392)224-6148x8840,alyssa87@example.com,17
b9da6aa2-ece2-472c-bc96-ed86fcdacdef,John,Davis,Surgery,764-897-5296,katherinecarrillo@example.com,8
f452795d-92f9-43db-951e-33dc15ae80fd,Charles,Leonard,Oncology,001-760-237-1702x5786,david23@example.net,9
87372c20-c10d-4135-b11f-18cc9e2c155c,Thomas,Lawrence,Neurology,(360)837-0804x522,porterelizabeth@example.com,2
ce2cb0f8-9f37-47b2-926e-1125c4e2702d,Bruce,Washington,Radiology,(502)857-6849,kelly47@example.net,19
28f80d4d-5a7f-4774-bfe5-256313bd7370,Kaitlyn,Lara,Cardiology,001-381-382-1204,taylorchristopher@example.com,2
af7d1c15-46e1-4c2e-b074-dc9e7f86834e,Kimberly,Harris,Cardiology,+1-818-302-1095x053,lisa04@example.org,18
53fe28a8-ecab-4040-add5-5bd65c9d0a14,Justin,Joseph,Neurology,805.958.5422,iwilliams@example.org,12
7ff9531b-f5c9-4d93-8ab7-6f45d4eb8925,Russell,Galvan,Oncology,(651)554-8699x8789,obrown@example.com,9
755b7810-d238-4642-8117-5ac222a59567,Samantha,Mitchell,Cardiology,001-606-490-4206,pgonzalez@example.org,20
4c45e45e-05b7-4fbb-8e79-93257d1007f7,Haley,Reeves,Pediatrics,5163874778,samantha25@example.org,12
75ecf122-dee6-4113-87c6-45ba1a4581c7,Derek,Williams,General Medicine,001-771-709-9351x24856,andrewcervantes@example.org,16
d607695e-ab56-4c2c-ae22-ea0bd1a01d42,Paul,Hill,Surgery,679.659.7219x66123,jason79@example.net,15
0893aca3-0cb2-4546-9f3f-ec6ed7baff2d,Vincent,Nolan,General Medicine,+1-269-648-0453x34733,esalazar@example.org,5
e77f0c86-f126-4168-bb8b-bb25b48d2c96,Gina,White,Radiology,+1-243-961-1464x16285,tiffany07@example.org,2
4a460632-3e81-4b3f-8302-f0abedd84d28,Lisa,Greer,Oncology,(699)298-0458,hernandezjames@example.net,6
7711a8b1-df3a-4ede-8720-0817deddd3b5,Sandra,Harris,General Medicine,(535)574-2821,bellvalerie@example.com,7
c2b2d4d6-1df0-4e13-91d9-3ac6be30de93,Tonya,Mendoza,Oncology,(329)511-2502x063,vramos@example.org,5
bda1b577-6b43-4172-9bb2-f90f978bfeaf,Patricia,Love,Pediatrics,5965977409,bentonmichael@example.net,12
0aee9e9f-1394-4658-989e-3d48730dc3b5,Cynthia,Smith,General Medicine,(869)575-0423x71225,martin85@example.org,12
12138345-7e27-45b6-81a8-6c3b3e312a94,Brooke,Hobbs,Surgery,(516)517-7447x6856,jane16@example.org,12
90804a59-7a30-4d6a-9d7d-14226de60fe0,Anita,Morris,Surgery,465.378.1424,jasminegonzalez@example.org,7
d3d9c668-26bf-4128-81ca-7f84753e5aeb,Isaiah,Guerrero,Oncology,7007493229,shannonfrancis@example.org,15
82429845-464e-48ad-9625-632d04b2ae6c,Brian,Martin,Oncology,607-241-4976x595,rachel69@example.net,3
7788e027-ad76-4015-a649-e4195d699197,Brittany,Pratt,Pediatrics,+1-406-204-6193x857,seanarnold@example.org,18
a03ed026-1a24-4112-9f1f-800a30d7f699,Jordan,Smith,Surgery,776.568.0753x5834,reidkaren@example.net,15
9bd1185a-18bf-48aa-91c5-022a24b86126,Denise,Wells,Surgery,001-281-475-8730x051,madison93@example.com,20
52bd03e6-f2bf-46fd-bd20-be7fe82a67b7,Beverly,Hunter,Pediatrics,9337496635,gomezspencer@example.org,19
b88134c3-3a38-498e-98da-363a8c74d624,Monica,Graham,Cardiology,450-473-1813x6922,acarlson@example.org,10
0ac2463a-548e-46c2-84b7-86dbecc814eb,Tyler,Stanley,Surgery,(392)887-4369,oliverchad@example.org,12
5b179065-0591-40e5-8069-c9a6b7701a4c,Michael,Craig,Oncology,921-854-2634,ichase@example.net,2
e10fdd08-774a-439d-b7f2-989c62857b99,Victoria,Maldonado,Surgery,001-835-611-3896x3226,kimberly48@example.net,10
379038cb-c74d-4c88-b55c-5f135d4b29e6,Jeremy,Walter,Oncology,(565)226-2788x825,graveskrista@example.net,10
12aa91c3-88b0-4593-8d0b-58ef0bdf5139,Johnathan,Diaz,Radiology,001-790-940-5012x02269,barrchristine@example.org,15
9f4b91b6-d526-48a1-b362-460b5a340c5e,Nicholas,Lyons,Neurology,001-671-327-4410,reedjustin@example.net,12
b24ab420-9217-4051-8ba0-d2d64cb34e93,Robert,Morris,Cardiology,001-314-828-1489x7678,bryan65@example.org,4
4540fc8f-0a68-4504-83f7-69cd7e9bdeaf,Juan,Gordon,Surgery,950-939-5099,rcooper@example.org,17
ada3aed9-afdb-45a5-8e01-3b8da0328f20,Brooke,Bradley,Cardiology,783-495-6864,emilyroberts@example.com,6
1ce2b0c2-bc82-4ea0-a126-61656ffa3659,Kevin,Merritt,Surgery,001-995-384-4346x774,garciakathleen@example.net,10
9e3d68e4-3244-4f42-aafe-bb80a12677ce,Monica,Ryan,General Medicine,(882)750-5751x85237,stephensjulia@example.org,18
1434a639-3735-44b0-a3c8-81c60d0e443d,Matthew,Davis,Oncology,+1-988-448-5871x38303,james20@example.net,16
23161617-9952-4ba3-872a-3b32ca85540d,Heather,Thompson,Pediatrics,233-907-2882,debramoore@example.com,15
28b5ab17-dfb9-42da-b6b7-f900be5b9b64,Lisa,Brown,Neurology,708.652.7055x5678,ycarrillo@example.com,12
6c605c1a-f506-43c6-8124-811ac7eba166,Brianna,Reed,Cardiology,(202)437-3506x1233,deborahpatton@example.net,4
85831d5e-e9d9-4fc5-a33b-b19965b4d40d,Carlos,Collins,Oncology,001-531-870-5888x0157,xrobertson@example.com,11
88961298-d287-4e90-ae5a-5e7d0211fbd4,John,Bruce,Cardiology,5727949556,psanchez@example.org,20
3dcf55d3-f351-404b-98f9-7686334b7fe1,Breanna,Gilbert,Neurology,6212641590,tanyaparks@example.net,3
7835958e-c0db-4ca3-b9c6-9d2469a967a2,Jessica,Garrett,Cardiology,+1-461-928-7560x546,tanyahoward@example.com,3
00b573a2-5e87-45e9-b50a-4a3e0928fc88,Rebecca,Benton,Cardiology,765.385.5964x7526,kimwalter@example.net,6
3e57fefa-f6fd-4c48-af47-1de3b2d4dbc0,Robert,Knight,Neurology,001-883-384-5538x8454,gabriel79@example.com,4
fab9860e-7f94-481e-8fd5-da1638039446,Colleen,Wagner,Oncology,852-471-5856x6017,poncejulia@example.com,16
170981d7-8e42-41e3-b589-99aa1fa16ff3,Kim,Vasquez,Neurology,(918)918-5489x7855,chadortiz@example.com,13
24afbce4-5053-463d-90bb-1e58a60560cd,Susan,Johnson,Surgery,742-481-8092x9943,fwilson@example.org,18
4ac92650-702d-48c7-ad7f-ab8dd052d150,Heidi,Smith,General Medicine,793.788.8364x1333,eaguirre@example.com,11
acacaab0-229d-4d5e-b715-269011c51c77,Paul,Williams,Cardiology,966.579.0847,qstanton@example.com,18
e757cc57-fc3a-424d-99c1-24605a6f224f,David,Hartman,Pediatrics,525-780-0782x537,iwilliams@example.net,12
d2c6f2dc-cb93-4876-9880-5032e253bbbd,Emma,Hicks,Pediatrics,653-826-1391,owade@example.com,13
5b04f3d8-e764-41d5-823a-b365c94cc193,Ryan,Robinson,Neurology,+1-981-905-0517,howelllinda@example.net,3
71ecf21e-978a-4c3c-a7a9-14fd1906b839,George,Waters,General Medicine,3019392154,catherine82@example.com,11
5b9e815a-7447-4a29-b168-d86dcbc50b88,Michael,Smith,Cardiology,+1-220-436-4950x6614,jacqueline42@example.org,19
9900c239-32eb-4ba9-93a0-067c26562e1d,Olivia,Griffin,Oncology,001-246-862-3350x1611,david78@example.net,16
c76cb455-6e0a-46a7-8943-2ecf7e9ed930,Randy,Lara,Cardiology,(341)582-6918,jamescole@example.org,18
0950d44c-51eb-4332-a23e-ff07655e799a,Tonya,Sanford,Oncology,(812)723-5251x3104,pcain@example.com,13
613c1972-0032-4f1c-a021-3aa3d0b75a52,Allison,Evans,Neurology,(856)881-5840x41860,selena34@example.com,14
d6648115-5d4f-4bbe-9e09-efa514f246c1,Dean,Perkins,Neurology,862-372-7092x09345,agraham@example.com,9
